<?xml version="1.0" encoding="UTF-8" standalone="yes"?>
<addon id="plugin.video.helloworld2" name="Hello World Addon" version="0.0.1" provider-name="RC">
	<requires>
		<import addon="xbmc.python" version="2.19.0" />
        <import addon="script.module.python.koding.aio" version="0.0.1"/>
	</requires>
	<extension point="xbmc.python.pluginsource" library="default.py">
		<provides>video</provides>
	</extension>
	<extension point="xbmc.addon.metadata">
		<summary lang="en">Quick one liner about the add-on</summary>
		<description lang="en">Full add-on description.</description>
		<platform>all</platform>
		<forum></forum>
		<website></website>
		<news></news>
		<genre>movies,tvshows,uk,usa</genre>
		<video_guide></video_guide>
		<video_preview></video_preview>
	</extension>
</addon>
