<?xml version="1.0" encoding="UTF-8" standalone="yes"?>
<addon id="repository.helloworld" name="Hello World Repo" version="0.0.1" provider-name="RC">
	<extension point="xbmc.addon.repository" name="Hello World Repo">
		<dir>
			<info compressed="false">https://raw.githubusercontent.com/totalrevolution/python-koding/master/zips/addons.xml</info>
			<checksum>https://raw.githubusercontent.com/totalrevolution/python-koding/master/zips/addons.xml.md5</checksum>
			<datadir zip="true">https://raw.githubusercontent.com/totalrevolution/python-koding/master/zips/</datadir>
		</dir>
		<info compressed="false">https://raw.githubusercontent.com/rmc0315/repository.helloworld/master/zips/addons.xml</info>
		<checksum>https://raw.githubusercontent.com/rmc0315/repository.helloworld/master/zips/addons.xml.md5</checksum>
		<datadir zip="true">https://raw.githubusercontent.com/rmc0315/repository.helloworld/master/zips/</datadir>
	</extension>
	<extension point="xbmc.addon.metadata">
		<summary lang="en">Quick one liner about the repository</summary>
		<description lang="en">Full repository description.</description>
		<genre>movies,tvshows,uk,usa</genre>
	</extension>
</addon>